Workbook

Sheet Samples
B1: 1 | C1: 2 | D1: 3 | E1: 4 | F1: 5 | G1: 6 | H1: 7 | I1: 8 | J1: 9 | K1: 10 | L1: 11 | M1: 12 | N1: 13 | O1: 14 | P1: 15 | Q1: 16 | R1: 17 | S1: 18 | T1: 19 | U1: 20 | V1: 21 | W1: 22 | X1: 23 | Y1: 24
A2: A | B2: s1 | C2: s1 | D2: s1 | E2: s1 | F2: s1 | G2: s1 | H2: s1 | I2: s1 | J2: s1 | K2: s1 | L2: s1 | M2: s1 | N2: s1 | O2: s1 | P2: s1 | Q2: s1 | R2: s1 | S2: s1 | T2: s1 | U2: s1 | V2: s1 | W2: s1 | X2: s1 | Y2: s1
A3: B | B3: s2 | C3: s2 | D3: s2 | E3: s2 | F3: s2 | G3: s2 | H3: s2 | I3: s2 | J3: s2 | K3: s2 | L3: s2 | M3: s2 | N3: s2 | O3: s2 | P3: s2 | Q3: s2 | R3: s2 | S3: s2 | T3: s2 | U3: s2 | V3: s2 | W3: s2 | X3: s2 | Y3: s2
A4: C | B4: s3 | C4: s3 | D4: s3 | E4: s3 | F4: s3 | G4: s3 | H4: s3 | I4: s3 | J4: s3 | K4: s3 | L4: s3 | M4: s3 | N4: s3 | O4: s3 | P4: s3 | Q4: s3 | R4: s3 | S4: s3 | T4: s3 | U4: s3 | V4: s3 | W4: s3 | X4: s3 | Y4: s3
A5: D | B5: s4 | C5: s4 | D5: s4 | E5: s4 | F5: s4 | G5: s4 | H5: s4 | I5: s4 | J5: s4 | K5: s4 | L5: s4 | M5: s4 | N5: s4 | O5: s4 | P5: s4 | Q5: s4 | R5: s4 | S5: s4 | T5: s4 | U5: s4 | V5: s4 | W5: s4 | X5: s4 | Y5: s4
A6: E | B6: s5 | C6: s5 | D6: s5 | E6: s5 | F6: s5 | G6: s5 | H6: s5 | I6: s5 | J6: s5 | K6: s5 | L6: s5 | M6: s5 | N6: s5 | O6: s5 | P6: s5 | Q6: s5 | R6: s5 | S6: s5 | T6: s5 | U6: s5 | V6: s5 | W6: s5 | X6: s5 | Y6: s5
A7: F | B7: s6 | C7: s6 | D7: s6 | E7: s6 | F7: s6 | G7: s6 | H7: s6 | I7: s6 | J7: s6 | K7: s6 | L7: s6 | M7: s6 | N7: s6 | O7: s6 | P7: s6 | Q7: s6 | R7: s6 | S7: s6 | T7: s6 | U7: s6 | V7: s6 | W7: s6 | X7: s6 | Y7: s6
A8: G | B8: s7 | C8: s7 | D8: s7 | E8: s7 | F8: s7 | G8: s7 | H8: s7 | I8: s7 | J8: s7 | K8: s7 | L8: s7 | M8: s7 | N8: s7 | O8: s7 | P8: s7 | Q8: s7 | R8: s7 | S8: s7 | T8: s7 | U8: s7 | V8: s7 | W8: s7 | X8: s7 | Y8: s7
A9: H | B9: s8 | C9: s8 | D9: s8 | E9: s8 | F9: s8 | G9: s8 | H9: s8 | I9: s8 | J9: s8 | K9: s8 | L9: s8 | M9: s8 | N9: s8 | O9: s4444 | P9: s8 | Q9: s8 | R9: s8 | S9: s8 | T9: s8 | U9: s8 | V9: s8 | W9: s8 | X9: s8 | Y9: s8
A10: I | B10: s9 | C10: s9 | D10: s9 | E10: s9 | F10: s9 | G10: s9 | H10: s9 | I10: s9 | J10: s9 | K10: s9 | L10: s9 | M10: s9 | N10: s9 | O10: s444 | P10: s9 | Q10: s9 | R10: s9 | S10: s9 | T10: s9 | U10: s9 | V10: s9 | W10: s9 | X10: s9 | Y10: s9
A11: J | B11: s10 | C11: s10 | D11: s10 | E11: s10 | F11: s10 | G11: s10 | H11: s10 | I11: s10 | J11: s10 | K11: s10 | L11: s10 | M11: s10 | N11: s10 | O11: s44 | P11: s10 | Q11: s10 | R11: s10 | S11: s10 | T11: s10 | U11: s10 | V11: s10 | W11: s10 | X11: s10 | Y11: s10
A12: K | B12: s11 | C12: s11 | D12: s11 | E12: s11 | F12: s11 | G12: s11 | H12: s11 | I12: s11 | J12: s11 | K12: s11 | L12: s11 | M12: s11 | N12: s11 | O12: s11 | P12: s11 | Q12: s11 | R12: s11 | S12: s11 | T12: s11 | U12: s11 | V12: s11 | W12: s11 | X12: s11 | Y12: s11
A13: L | B13: s12 | C13: s12 | D13: s12 | E13: s12 | F13: s12 | G13: s12 | H13: s12 | I13: s12 | J13: s12 | K13: s12 | L13: s12 | M13: s12 | N13: s12 | O13: s12 | P13: s12 | Q13: s12 | R13: s12 | S13: s12 | T13: s12 | U13: s12 | V13: s12 | W13: s12 | X13: s12 | Y13: s12
... A17: P | B17: s16 | C17: s16 | D17: s16 | E17: s16 | F17: s16 | G17: s16 | H17: s16 | I17: s16 | J17: s16 | K17: s16 | L17: s16 | M17: s16 | N17: s16 | O17: s16 | P17: s16 | Q17: s16 | R17: s16 | S17: s16 | T17: s16 | U17: s16 | V17: s16 | W17: s16 | X17: s16 | Y17: s16

Sheet Targets
B1: 1 | C1: 2 | D1: 3 | E1: 4 | F1: 5 | G1: 6 | H1: 7 | I1: 8 | J1: 9 | K1: 10 | L1: 11 | M1: 12 | N1: 13 | O1: 14 | P1: 15 | Q1: 16 | R1: 17 | S1: 18 | T1: 19 | U1: 20 | V1: 21 | W1: 22 | X1: 23 | Y1: 24
A2: A | B2: =_xlfn.TEXTJOIN("=",FALSE,"S",Samples!B2) -> S=s1 | C2: =_xlfn.TEXTJOIN("=",FALSE,"S",Samples!C2) -> S=s1 | D2: =_xlfn.TEXTJOIN("=",FALSE,"S",Samples!D2) -> S=s1 | E2: =_xlfn.TEXTJOIN("=",FALSE,"S",Samples!E2) -> S=s1 | F2: DWV | G2: DWV | H2: DWV | I2: DWV | J2: DWV | K2: DWV | L2: DWV | M2: DWV | N2: DWV | O2: DWV | P2: =_xlfn.TEXTJOIN("=",FALSE,"S",Samples!P2) -> S=s1 | Q2: =_xlfn.TEXTJOIN("=",FALSE,"S",Samples!Q2) -> S=s1 | R2: =_xlfn.TEXTJOIN("=",FALSE,"S",Samples!R2) -> S=s1 | S2: =_xlfn.TEXTJOIN("=",FALSE,"S",Samples!S2) -> S=s1 | T2: =_xlfn.TEXTJOIN("=",FALSE,"S",Samples!T2) -> S=s1 | U2: =_xlfn.TEXTJOIN("=",FALSE,"S",Samples!U2) -> S=s1 | V2: =_xlfn.TEXTJOIN("=",FALSE,"S",Samples!V2) -> S=s1 | W2: =_xlfn.TEXTJOIN("=",FALSE,"S",Samples!W2) -> S=s1 | ... Y2: =_xlfn.TEXTJOIN("=",FALSE,"S",Samples!Y2) -> S=s1
A3: B | B3: =_xlfn.TEXTJOIN("=",FALSE,"S",Samples!B3) -> S=s2 | C3: =_xlfn.TEXTJOIN("=",FALSE,"S",Samples!C3) -> S=s2 | D3: =_xlfn.TEXTJOIN("=",FALSE,"S",Samples!D3) -> S=s2 | E3: =_xlfn.TEXTJOIN("=",FALSE,"S",Samples!E3) -> S=s2 | F3: DWV | G3: DWV | H3: DWV | I3: DWV | J3: DWV | K3: DWV | L3: DWV | M3: DWV | N3: DWV | O3: DWV | P3: =_xlfn.TEXTJOIN("=",FALSE,"S",Samples!P3) -> S=s2 | Q3: =_xlfn.TEXTJOIN("=",FALSE,"S",Samples!Q3) -> S=s2 | R3: =_xlfn.TEXTJOIN("=",FALSE,"S",Samples!R3) -> S=s2 | S3: =_xlfn.TEXTJOIN("=",FALSE,"S",Samples!S3) -> S=s2 | T3: =_xlfn.TEXTJOIN("=",FALSE,"S",Samples!T3) -> S=s2 | U3: =_xlfn.TEXTJOIN("=",FALSE,"S",Samples!U3) -> S=s2 | V3: =_xlfn.TEXTJOIN("=",FALSE,"S",Samples!V3) -> S=s2 | W3: =_xlfn.TEXTJOIN("=",FALSE,"S",Samples!W3) -> S=s2 | ... Y3: =_xlfn.TEXTJOIN("=",FALSE,"S",Samples!Y3) -> S=s2
A4: C | B4: =_xlfn.TEXTJOIN("=",FALSE,"S",Samples!B4) -> S=s3 | C4: =_xlfn.TEXTJOIN("=",FALSE,"S",Samples!C4) -> S=s3 | D4: =_xlfn.TEXTJOIN("=",FALSE,"S",Samples!D4) -> S=s3 | E4: =_xlfn.TEXTJOIN("=",FALSE,"S",Samples!E4) -> S=s3 | F4: DWV | G4: DWV | H4: DWV | I4: DWV | J4: DWV | K4: DWV | L4: DWV | M4: DWV | N4: DWV | O4: DWV | P4: =_xlfn.TEXTJOIN("=",FALSE,"S",Samples!P4) -> S=s3 | Q4: =_xlfn.TEXTJOIN("=",FALSE,"S",Samples!Q4) -> S=s3 | R4: =_xlfn.TEXTJOIN("=",FALSE,"S",Samples!R4) -> S=s3 | S4: =_xlfn.TEXTJOIN("=",FALSE,"S",Samples!S4) -> S=s3 | T4: =_xlfn.TEXTJOIN("=",FALSE,"S",Samples!T4) -> S=s3 | U4: =_xlfn.TEXTJOIN("=",FALSE,"S",Samples!U4) -> S=s3 | V4: =_xlfn.TEXTJOIN("=",FALSE,"S",Samples!V4) -> S=s3 | W4: =_xlfn.TEXTJOIN("=",FALSE,"S",Samples!W4) -> S=s3 | ... Y4: =_xlfn.TEXTJOIN("=",FALSE,"S",Samples!Y4) -> S=s3
A5: D | B5: =_xlfn.TEXTJOIN("=",FALSE,"S",Samples!B5) -> S=s4 | C5: =_xlfn.TEXTJOIN("=",FALSE,"S",Samples!C5) -> S=s4 | D5: =_xlfn.TEXTJOIN("=",FALSE,"S",Samples!D5) -> S=s4 | E5: =_xlfn.TEXTJOIN("=",FALSE,"S",Samples!E5) -> S=s4 | F5: =_xlfn.TEXTJOIN("=",FALSE,"S",Samples!F5) -> S=s4 | G5: =_xlfn.TEXTJOIN("=",FALSE,"S",Samples!G5) -> S=s4 | H5: =_xlfn.TEXTJOIN("=",FALSE,"S",Samples!H5) -> S=s4 | I5: =_xlfn.TEXTJOIN("=",FALSE,"S",Samples!I5) -> S=s4 | ... Y5: =_xlfn.TEXTJOIN("=",FALSE,"S",Samples!Y5) -> S=s4
A6: E | B6: =_xlfn.TEXTJOIN("=",FALSE,"S",Samples!B6) -> S=s5 | C6: =_xlfn.TEXTJOIN("=",FALSE,"S",Samples!C6) -> S=s5 | D6: =_xlfn.TEXTJOIN("=",FALSE,"S",Samples!D6) -> S=s5 | E6: =_xlfn.TEXTJOIN("=",FALSE,"S",Samples!E6) -> S=s5 | F6: =_xlfn.TEXTJOIN("=",FALSE,"S",Samples!F6) -> S=s5 | G6: =_xlfn.TEXTJOIN("=",FALSE,"S",Samples!G6) -> S=s5 | H6: =_xlfn.TEXTJOIN("=",FALSE,"S",Samples!H6) -> S=s5 | I6: =_xlfn.TEXTJOIN("=",FALSE,"S",Samples!I6) -> S=s5 | ... Y6: =_xlfn.TEXTJOIN("=",FALSE,"S",Samples!Y6) -> S=s5
A7: F | B7: =_xlfn.TEXTJOIN("=",FALSE,"S",Samples!B7) -> S=s6 | C7: =_xlfn.TEXTJOIN("=",FALSE,"S",Samples!C7) -> S=s6 | D7: =_xlfn.TEXTJOIN("=",FALSE,"S",Samples!D7) -> S=s6 | E7: =_xlfn.TEXTJOIN("=",FALSE,"S",Samples!E7) -> S=s6 | F7: =_xlfn.TEXTJOIN("=",FALSE,"S",Samples!F7) -> S=s6 | G7: =_xlfn.TEXTJOIN("=",FALSE,"S",Samples!G7) -> S=s6 | H7: =_xlfn.TEXTJOIN("=",FALSE,"S",Samples!H7) -> S=s6 | I7: =_xlfn.TEXTJOIN("=",FALSE,"S",Samples!I7) -> S=s6 | ... Y7: =_xlfn.TEXTJOIN("=",FALSE,"S",Samples!Y7) -> S=s6
A8: G | B8: =_xlfn.TEXTJOIN("=",FALSE,"S",Samples!B8) -> S=s7 | C8: =_xlfn.TEXTJOIN("=",FALSE,"S",Samples!C8) -> S=s7 | D8: =_xlfn.TEXTJOIN("=",FALSE,"S",Samples!D8) -> S=s7 | E8: =_xlfn.TEXTJOIN("=",FALSE,"S",Samples!E8) -> S=s7 | F8: =_xlfn.TEXTJOIN("=",FALSE,"S",Samples!F8) -> S=s7 | G8: =_xlfn.TEXTJOIN("=",FALSE,"S",Samples!G8) -> S=s7 | H8: =_xlfn.TEXTJOIN("=",FALSE,"S",Samples!H8) -> S=s7 | I8: =_xlfn.TEXTJOIN("=",FALSE,"S",Samples!I8) -> S=s7 | ... Y8: =_xlfn.TEXTJOIN("=",FALSE,"S",Samples!Y8) -> S=s7
A9: H | B9: =_xlfn.TEXTJOIN("=",FALSE,"S",Samples!B9) -> S=s8 | C9: =_xlfn.TEXTJOIN("=",FALSE,"S",Samples!C9) -> S=s8 | D9: =_xlfn.TEXTJOIN("=",FALSE,"S",Samples!D9) -> S=s8 | E9: =_xlfn.TEXTJOIN("=",FALSE,"S",Samples!E9) -> S=s8 | F9: =_xlfn.TEXTJOIN("=",FALSE,"S",Samples!F9) -> S=s8 | G9: =_xlfn.TEXTJOIN("=",FALSE,"S",Samples!G9) -> S=s8 | H9: =_xlfn.TEXTJOIN("=",FALSE,"S",Samples!H9) -> S=s8 | I9: =_xlfn.TEXTJOIN("=",FALSE,"S",Samples!I9) -> S=s8 | ... N9: =_xlfn.TEXTJOIN("=",FALSE,"S",Samples!N9) -> S=s8 | O9: RPL49 | P9: RPL49 | Q9: RPL49 | R9: RPL49 | S9: RPL49 | T9: RPL49 | U9: RPL49 | V9: RPL49 | W9: =_xlfn.TEXTJOIN("=",FALSE,"S",Samples!W9) -> S=s8 | X9: =_xlfn.TEXTJOIN("=",FALSE,"S",Samples!X9) -> S=s8 | Y9: =_xlfn.TEXTJOIN("=",FALSE,"S",Samples!Y9) -> S=s8
A10: I | B10: =_xlfn.TEXTJOIN("=",FALSE,"S",Samples!B10) -> S=s9 | C10: =_xlfn.TEXTJOIN("=",FALSE,"S",Samples!C10) -> S=s9 | D10: =_xlfn.TEXTJOIN("=",FALSE,"S",Samples!D10) -> S=s9 | E10: =_xlfn.TEXTJOIN("=",FALSE,"S",Samples!E10) -> S=s9 | F10: =_xlfn.TEXTJOIN("=",FALSE,"S",Samples!F10) -> S=s9 | G10: =_xlfn.TEXTJOIN("=",FALSE,"S",Samples!G10) -> S=s9 | H10: =_xlfn.TEXTJOIN("=",FALSE,"S",Samples!H10) -> S=s9 | I10: =_xlfn.TEXTJOIN("=",FALSE,"S",Samples!I10) -> S=s9 | ... N10: =_xlfn.TEXTJOIN("=",FALSE,"S",Samples!N10) -> S=s9 | O10: RPL49 | P10: RPL49 | Q10: RPL49 | R10: RPL49 | S10: RPL49 | T10: RPL49 | U10: RPL49 | V10: RPL49 | W10: =_xlfn.TEXTJOIN("=",FALSE,"S",Samples!W10) -> S=s9 | X10: =_xlfn.TEXTJOIN("=",FALSE,"S",Samples!X10) -> S=s9 | Y10: =_xlfn.TEXTJOIN("=",FALSE,"S",Samples!Y10) -> S=s9
A11: J | B11: =_xlfn.TEXTJOIN("=",FALSE,"S",Samples!B11) -> S=s10 | C11: =_xlfn.TEXTJOIN("=",FALSE,"S",Samples!C11) -> S=s10 | D11: =_xlfn.TEXTJOIN("=",FALSE,"S",Samples!D11) -> S=s10 | E11: =_xlfn.TEXTJOIN("=",FALSE,"S",Samples!E11) -> S=s10 | F11: =_xlfn.TEXTJOIN("=",FALSE,"S",Samples!F11) -> S=s10 | G11: =_xlfn.TEXTJOIN("=",FALSE,"S",Samples!G11) -> S=s10 | H11: =_xlfn.TEXTJOIN("=",FALSE,"S",Samples!H11) -> S=s10 | I11: =_xlfn.TEXTJOIN("=",FALSE,"S",Samples!I11) -> S=s10 | ... N11: =_xlfn.TEXTJOIN("=",FALSE,"S",Samples!N11) -> S=s10 | O11: RPL49 | P11: RPL49 | Q11: RPL49 | R11: RPL49 | S11: RPL49 | T11: RPL49 | U11: RPL49 | V11: RPL49 | W11: =_xlfn.TEXTJOIN("=",FALSE,"S",Samples!W11) -> S=s10 | X11: =_xlfn.TEXTJOIN("=",FALSE,"S",Samples!X11) -> S=s10 | Y11: =_xlfn.TEXTJOIN("=",FALSE,"S",Samples!Y11) -> S=s10
A12: K | B12: =_xlfn.TEXTJOIN("=",FALSE,"S",Samples!B12) -> S=s11 | C12: =_xlfn.TEXTJOIN("=",FALSE,"S",Samples!C12) -> S=s11 | D12: =_xlfn.TEXTJOIN("=",FALSE,"S",Samples!D12) -> S=s11 | E12: =_xlfn.TEXTJOIN("=",FALSE,"S",Samples!E12) -> S=s11 | F12: =_xlfn.TEXTJOIN("=",FALSE,"S",Samples!F12) -> S=s11 | G12: =_xlfn.TEXTJOIN("=",FALSE,"S",Samples!G12) -> S=s11 | H12: =_xlfn.TEXTJOIN("=",FALSE,"S",Samples!H12) -> S=s11 | I12: =_xlfn.TEXTJOIN("=",FALSE,"S",Samples!I12) -> S=s11 | ... Y12: =_xlfn.TEXTJOIN("=",FALSE,"S",Samples!Y12) -> S=s11
A13: L | B13: =_xlfn.TEXTJOIN("=",FALSE,"S",Samples!B13) -> S=s12 | C13: =_xlfn.TEXTJOIN("=",FALSE,"S",Samples!C13) -> S=s12 | D13: =_xlfn.TEXTJOIN("=",FALSE,"S",Samples!D13) -> S=s12 | E13: =_xlfn.TEXTJOIN("=",FALSE,"S",Samples!E13) -> S=s12 | F13: =_xlfn.TEXTJOIN("=",FALSE,"S",Samples!F13) -> S=s12 | G13: =_xlfn.TEXTJOIN("=",FALSE,"S",Samples!G13) -> S=s12 | H13: =_xlfn.TEXTJOIN("=",FALSE,"S",Samples!H13) -> S=s12 | I13: =_xlfn.TEXTJOIN("=",FALSE,"S",Samples!I13) -> S=s12 | ... Y13: =_xlfn.TEXTJOIN("=",FALSE,"S",Samples!Y13) -> S=s12
A14: M | B14: =_xlfn.TEXTJOIN("=",FALSE,"S",Samples!B14) -> S=s13 | C14: =_xlfn.TEXTJOIN("=",FALSE,"S",Samples!C14) -> S=s13 | D14: =_xlfn.TEXTJOIN("=",FALSE,"S",Samples!D14) -> S=s13 | E14: =_xlfn.TEXTJOIN("=",FALSE,"S",Samples!E14) -> S=s13 | F14: =_xlfn.TEXTJOIN("=",FALSE,"S",Samples!F14) -> S=s13 | G14: =_xlfn.TEXTJOIN("=",FALSE,"S",Samples!G14) -> S=s13 | H14: =_xlfn.TEXTJOIN("=",FALSE,"S",Samples!H14) -> S=s13 | I14: =_xlfn.TEXTJOIN("=",FALSE,"S",Samples!I14) -> S=s13 | ... Y14: =_xlfn.TEXTJOIN("=",FALSE,"S",Samples!Y14) -> S=s13
A15: N | B15: =_xlfn.TEXTJOIN("=",FALSE,"S",Samples!B15) -> S=s14 | C15: =_xlfn.TEXTJOIN("=",FALSE,"S",Samples!C15) -> S=s14 | D15: =_xlfn.TEXTJOIN("=",FALSE,"S",Samples!D15) -> S=s14 | E15: =_xlfn.TEXTJOIN("=",FALSE,"S",Samples!E15) -> S=s14 | F15: =_xlfn.TEXTJOIN("=",FALSE,"S",Samples!F15) -> S=s14 | G15: =_xlfn.TEXTJOIN("=",FALSE,"S",Samples!G15) -> S=s14 | H15: =_xlfn.TEXTJOIN("=",FALSE,"S",Samples!H15) -> S=s14 | I15: =_xlfn.TEXTJOIN("=",FALSE,"S",Samples!I15) -> S=s14 | ... Y15: =_xlfn.TEXTJOIN("=",FALSE,"S",Samples!Y15) -> S=s14
A16: O | B16: =_xlfn.TEXTJOIN("=",FALSE,"S",Samples!B16) -> S=s15 | C16: =_xlfn.TEXTJOIN("=",FALSE,"S",Samples!C16) -> S=s15 | D16: =_xlfn.TEXTJOIN("=",FALSE,"S",Samples!D16) -> S=s15 | E16: =_xlfn.TEXTJOIN("=",FALSE,"S",Samples!E16) -> S=s15 | F16: =_xlfn.TEXTJOIN("=",FALSE,"S",Samples!F16) -> S=s15 | G16: =_xlfn.TEXTJOIN("=",FALSE,"S",Samples!G16) -> S=s15 | H16: =_xlfn.TEXTJOIN("=",FALSE,"S",Samples!H16) -> S=s15 | I16: =_xlfn.TEXTJOIN("=",FALSE,"S",Samples!I16) -> S=s15 | ... Y16: =_xlfn.TEXTJOIN("=",FALSE,"S",Samples!Y16) -> S=s15
A17: P | B17: =_xlfn.TEXTJOIN("=",FALSE,"S",Samples!B17) -> S=s16 | C17: =_xlfn.TEXTJOIN("=",FALSE,"S",Samples!C17) -> S=s16 | D17: =_xlfn.TEXTJOIN("=",FALSE,"S",Samples!D17) -> S=s16 | E17: =_xlfn.TEXTJOIN("=",FALSE,"S",Samples!E17) -> S=s16 | F17: =_xlfn.TEXTJOIN("=",FALSE,"S",Samples!F17) -> S=s16 | G17: =_xlfn.TEXTJOIN("=",FALSE,"S",Samples!G17) -> S=s16 | H17: =_xlfn.TEXTJOIN("=",FALSE,"S",Samples!H17) -> S=s16 | I17: =_xlfn.TEXTJOIN("=",FALSE,"S",Samples!I17) -> S=s16 | ... Y17: =_xlfn.TEXTJOIN("=",FALSE,"S",Samples!Y17) -> S=s16

Sheet Types
B1: 1 | C1: 2 | D1: 3 | E1: 4 | F1: 5 | G1: 6 | H1: 7 | I1: 8 | J1: 9 | K1: 10 | L1: 11 | M1: 12 | N1: 13 | O1: 14 | P1: 15 | Q1: 16 | R1: 17 | S1: 18 | T1: 19 | U1: 20 | V1: 21 | W1: 22 | X1: 23 | Y1: 24
A2: A | B2: =_xlfn.TEXTJOIN("=",FALSE,"S",Samples!B2) -> S=s1 | C2: =_xlfn.TEXTJOIN("=",FALSE,"S",Samples!C2) -> S=s1 | D2: =_xlfn.TEXTJOIN("=",FALSE,"S",Samples!D2) -> S=s1 | E2: =_xlfn.TEXTJOIN("=",FALSE,"S",Samples!E2) -> S=s1 | F2: =_xlfn.TEXTJOIN("=",FALSE,"S",Samples!F2) -> S=s1 | G2: =_xlfn.TEXTJOIN("=",FALSE,"S",Samples!G2) -> S=s1 | H2: =_xlfn.TEXTJOIN("=",FALSE,"S",Samples!H2) -> S=s1 | I2: =_xlfn.TEXTJOIN("=",FALSE,"S",Samples!I2) -> S=s1 | ... Y2: =_xlfn.TEXTJOIN("=",FALSE,"S",Samples!Y2) -> S=s1
A3: B | B3: =_xlfn.TEXTJOIN("=",FALSE,"S",Samples!B3) -> S=s2 | C3: =_xlfn.TEXTJOIN("=",FALSE,"S",Samples!C3) -> S=s2 | D3: =_xlfn.TEXTJOIN("=",FALSE,"S",Samples!D3) -> S=s2 | E3: =_xlfn.TEXTJOIN("=",FALSE,"S",Samples!E3) -> S=s2 | F3: =_xlfn.TEXTJOIN("=",FALSE,"S",Samples!F3) -> S=s2 | G3: =_xlfn.TEXTJOIN("=",FALSE,"S",Samples!G3) -> S=s2 | H3: =_xlfn.TEXTJOIN("=",FALSE,"S",Samples!H3) -> S=s2 | I3: =_xlfn.TEXTJOIN("=",FALSE,"S",Samples!I3) -> S=s2 | ... Y3: =_xlfn.TEXTJOIN("=",FALSE,"S",Samples!Y3) -> S=s2
A4: C | B4: =_xlfn.TEXTJOIN("=",FALSE,"S",Samples!B4) -> S=s3 | C4: =_xlfn.TEXTJOIN("=",FALSE,"S",Samples!C4) -> S=s3 | D4: =_xlfn.TEXTJOIN("=",FALSE,"S",Samples!D4) -> S=s3 | E4: =_xlfn.TEXTJOIN("=",FALSE,"S",Samples!E4) -> S=s3 | F4: =_xlfn.TEXTJOIN("=",FALSE,"S",Samples!F4) -> S=s3 | G4: =_xlfn.TEXTJOIN("=",FALSE,"S",Samples!G4) -> S=s3 | H4: =_xlfn.TEXTJOIN("=",FALSE,"S",Samples!H4) -> S=s3 | I4: =_xlfn.TEXTJOIN("=",FALSE,"S",Samples!I4) -> S=s3 | ... Y4: =_xlfn.TEXTJOIN("=",FALSE,"S",Samples!Y4) -> S=s3
A5: D | B5: =_xlfn.TEXTJOIN("=",FALSE,"S",Samples!B5) -> S=s4 | C5: =_xlfn.TEXTJOIN("=",FALSE,"S",Samples!C5) -> S=s4 | D5: =_xlfn.TEXTJOIN("=",FALSE,"S",Samples!D5) -> S=s4 | E5: =_xlfn.TEXTJOIN("=",FALSE,"S",Samples!E5) -> S=s4 | F5: =_xlfn.TEXTJOIN("=",FALSE,"S",Samples!F5) -> S=s4 | G5: =_xlfn.TEXTJOIN("=",FALSE,"S",Samples!G5) -> S=s4 | H5: =_xlfn.TEXTJOIN("=",FALSE,"S",Samples!H5) -> S=s4 | I5: =_xlfn.TEXTJOIN("=",FALSE,"S",Samples!I5) -> S=s4 | ... Y5: =_xlfn.TEXTJOIN("=",FALSE,"S",Samples!Y5) -> S=s4
A6: E | B6: =_xlfn.TEXTJOIN("=",FALSE,"S",Samples!B6) -> S=s5 | C6: =_xlfn.TEXTJOIN("=",FALSE,"S",Samples!C6) -> S=s5 | D6: =_xlfn.TEXTJOIN("=",FALSE,"S",Samples!D6) -> S=s5 | E6: =_xlfn.TEXTJOIN("=",FALSE,"S",Samples!E6) -> S=s5 | F6: =_xlfn.TEXTJOIN("=",FALSE,"S",Samples!F6) -> S=s5 | G6: =_xlfn.TEXTJOIN("=",FALSE,"S",Samples!G6) -> S=s5 | H6: =_xlfn.TEXTJOIN("=",FALSE,"S",Samples!H6) -> S=s5 | I6: =_xlfn.TEXTJOIN("=",FALSE,"S",Samples!I6) -> S=s5 | ... Y6: =_xlfn.TEXTJOIN("=",FALSE,"S",Samples!Y6) -> S=s5
A7: F | B7: =_xlfn.TEXTJOIN("=",FALSE,"S",Samples!B7) -> S=s6 | C7: =_xlfn.TEXTJOIN("=",FALSE,"S",Samples!C7) -> S=s6 | D7: =_xlfn.TEXTJOIN("=",FALSE,"S",Samples!D7) -> S=s6 | E7: =_xlfn.TEXTJOIN("=",FALSE,"S",Samples!E7) -> S=s6 | F7: =_xlfn.TEXTJOIN("=",FALSE,"S",Samples!F7) -> S=s6 | G7: =_xlfn.TEXTJOIN("=",FALSE,"S",Samples!G7) -> S=s6 | H7: =_xlfn.TEXTJOIN("=",FALSE,"S",Samples!H7) -> S=s6 | I7: =_xlfn.TEXTJOIN("=",FALSE,"S",Samples!I7) -> S=s6 | ... Y7: =_xlfn.TEXTJOIN("=",FALSE,"S",Samples!Y7) -> S=s6
A8: G | B8: =_xlfn.TEXTJOIN("=",FALSE,"S",Samples!B8) -> S=s7 | C8: =_xlfn.TEXTJOIN("=",FALSE,"S",Samples!C8) -> S=s7 | D8: =_xlfn.TEXTJOIN("=",FALSE,"S",Samples!D8) -> S=s7 | E8: =_xlfn.TEXTJOIN("=",FALSE,"S",Samples!E8) -> S=s7 | F8: =_xlfn.TEXTJOIN("=",FALSE,"S",Samples!F8) -> S=s7 | G8: =_xlfn.TEXTJOIN("=",FALSE,"S",Samples!G8) -> S=s7 | H8: =_xlfn.TEXTJOIN("=",FALSE,"S",Samples!H8) -> S=s7 | I8: =_xlfn.TEXTJOIN("=",FALSE,"S",Samples!I8) -> S=s7 | ... Y8: =_xlfn.TEXTJOIN("=",FALSE,"S",Samples!Y8) -> S=s7
A9: H | B9: =_xlfn.TEXTJOIN("=",FALSE,"S",Samples!B9) -> S=s8 | C9: =_xlfn.TEXTJOIN("=",FALSE,"S",Samples!C9) -> S=s8 | D9: =_xlfn.TEXTJOIN("=",FALSE,"S",Samples!D9) -> S=s8 | E9: =_xlfn.TEXTJOIN("=",FALSE,"S",Samples!E9) -> S=s8 | F9: =_xlfn.TEXTJOIN("=",FALSE,"S",Samples!F9) -> S=s8 | G9: =_xlfn.TEXTJOIN("=",FALSE,"S",Samples!G9) -> S=s8 | H9: =_xlfn.TEXTJOIN("=",FALSE,"S",Samples!H9) -> S=s8 | I9: =_xlfn.TEXTJOIN("=",FALSE,"S",Samples!I9) -> S=s8 | ... N9: =_xlfn.TEXTJOIN("=",FALSE,"S",Samples!N9) -> S=s8 | O9: S | P9: =_xlfn.TEXTJOIN("=",FALSE,"S",Samples!P9) -> S=s8 | Q9: =_xlfn.TEXTJOIN("=",FALSE,"S",Samples!Q9) -> S=s8 | R9: =_xlfn.TEXTJOIN("=",FALSE,"S",Samples!R9) -> S=s8 | S9: =_xlfn.TEXTJOIN("=",FALSE,"S",Samples!S9) -> S=s8 | T9: =_xlfn.TEXTJOIN("=",FALSE,"S",Samples!T9) -> S=s8 | U9: =_xlfn.TEXTJOIN("=",FALSE,"S",Samples!U9) -> S=s8 | V9: =_xlfn.TEXTJOIN("=",FALSE,"S",Samples!V9) -> S=s8 | W9: =_xlfn.TEXTJOIN("=",FALSE,"S",Samples!W9) -> S=s8 | ... Y9: =_xlfn.TEXTJOIN("=",FALSE,"S",Samples!Y9) -> S=s8
A10: I | B10: =_xlfn.TEXTJOIN("=",FALSE,"S",Samples!B10) -> S=s9 | C10: =_xlfn.TEXTJOIN("=",FALSE,"S",Samples!C10) -> S=s9 | D10: =_xlfn.TEXTJOIN("=",FALSE,"S",Samples!D10) -> S=s9 | E10: =_xlfn.TEXTJOIN("=",FALSE,"S",Samples!E10) -> S=s9 | F10: =_xlfn.TEXTJOIN("=",FALSE,"S",Samples!F10) -> S=s9 | G10: =_xlfn.TEXTJOIN("=",FALSE,"S",Samples!G10) -> S=s9 | H10: =_xlfn.TEXTJOIN("=",FALSE,"S",Samples!H10) -> S=s9 | I10: =_xlfn.TEXTJOIN("=",FALSE,"S",Samples!I10) -> S=s9 | ... N10: =_xlfn.TEXTJOIN("=",FALSE,"S",Samples!N10) -> S=s9 | O10: S | P10: =_xlfn.TEXTJOIN("=",FALSE,"S",Samples!P10) -> S=s9 | Q10: =_xlfn.TEXTJOIN("=",FALSE,"S",Samples!Q10) -> S=s9 | R10: =_xlfn.TEXTJOIN("=",FALSE,"S",Samples!R10) -> S=s9 | S10: =_xlfn.TEXTJOIN("=",FALSE,"S",Samples!S10) -> S=s9 | T10: =_xlfn.TEXTJOIN("=",FALSE,"S",Samples!T10) -> S=s9 | U10: =_xlfn.TEXTJOIN("=",FALSE,"S",Samples!U10) -> S=s9 | V10: =_xlfn.TEXTJOIN("=",FALSE,"S",Samples!V10) -> S=s9 | W10: =_xlfn.TEXTJOIN("=",FALSE,"S",Samples!W10) -> S=s9 | ... Y10: =_xlfn.TEXTJOIN("=",FALSE,"S",Samples!Y10) -> S=s9
A11: J | B11: =_xlfn.TEXTJOIN("=",FALSE,"S",Samples!B11) -> S=s10 | C11: =_xlfn.TEXTJOIN("=",FALSE,"S",Samples!C11) -> S=s10 | D11: =_xlfn.TEXTJOIN("=",FALSE,"S",Samples!D11) -> S=s10 | E11: =_xlfn.TEXTJOIN("=",FALSE,"S",Samples!E11) -> S=s10 | F11: =_xlfn.TEXTJOIN("=",FALSE,"S",Samples!F11) -> S=s10 | G11: =_xlfn.TEXTJOIN("=",FALSE,"S",Samples!G11) -> S=s10 | H11: =_xlfn.TEXTJOIN("=",FALSE,"S",Samples!H11) -> S=s10 | I11: =_xlfn.TEXTJOIN("=",FALSE,"S",Samples!I11) -> S=s10 | ... N11: =_xlfn.TEXTJOIN("=",FALSE,"S",Samples!N11) -> S=s10 | O11: S | P11: =_xlfn.TEXTJOIN("=",FALSE,"S",Samples!P11) -> S=s10 | Q11: =_xlfn.TEXTJOIN("=",FALSE,"S",Samples!Q11) -> S=s10 | R11: =_xlfn.TEXTJOIN("=",FALSE,"S",Samples!R11) -> S=s10 | S11: =_xlfn.TEXTJOIN("=",FALSE,"S",Samples!S11) -> S=s10 | T11: =_xlfn.TEXTJOIN("=",FALSE,"S",Samples!T11) -> S=s10 | U11: =_xlfn.TEXTJOIN("=",FALSE,"S",Samples!U11) -> S=s10 | V11: =_xlfn.TEXTJOIN("=",FALSE,"S",Samples!V11) -> S=s10 | W11: =_xlfn.TEXTJOIN("=",FALSE,"S",Samples!W11) -> S=s10 | ... Y11: =_xlfn.TEXTJOIN("=",FALSE,"S",Samples!Y11) -> S=s10
A12: K | B12: =_xlfn.TEXTJOIN("=",FALSE,"S",Samples!B12) -> S=s11 | C12: =_xlfn.TEXTJOIN("=",FALSE,"S",Samples!C12) -> S=s11 | D12: =_xlfn.TEXTJOIN("=",FALSE,"S",Samples!D12) -> S=s11 | E12: =_xlfn.TEXTJOIN("=",FALSE,"S",Samples!E12) -> S=s11 | F12: =_xlfn.TEXTJOIN("=",FALSE,"S",Samples!F12) -> S=s11 | G12: =_xlfn.TEXTJOIN("=",FALSE,"S",Samples!G12) -> S=s11 | H12: =_xlfn.TEXTJOIN("=",FALSE,"S",Samples!H12) -> S=s11 | I12: =_xlfn.TEXTJOIN("=",FALSE,"S",Samples!I12) -> S=s11 | ... Y12: =_xlfn.TEXTJOIN("=",FALSE,"S",Samples!Y12) -> S=s11
A13: L | B13: =_xlfn.TEXTJOIN("=",FALSE,"S",Samples!B13) -> S=s12 | C13: =_xlfn.TEXTJOIN("=",FALSE,"S",Samples!C13) -> S=s12 | D13: =_xlfn.TEXTJOIN("=",FALSE,"S",Samples!D13) -> S=s12 | E13: =_xlfn.TEXTJOIN("=",FALSE,"S",Samples!E13) -> S=s12 | F13: =_xlfn.TEXTJOIN("=",FALSE,"S",Samples!F13) -> S=s12 | G13: =_xlfn.TEXTJOIN("=",FALSE,"S",Samples!G13) -> S=s12 | H13: =_xlfn.TEXTJOIN("=",FALSE,"S",Samples!H13) -> S=s12 | I13: =_xlfn.TEXTJOIN("=",FALSE,"S",Samples!I13) -> S=s12 | ... Y13: =_xlfn.TEXTJOIN("=",FALSE,"S",Samples!Y13) -> S=s12
A14: M | B14: =_xlfn.TEXTJOIN("=",FALSE,"S",Samples!B14) -> S=s13 | C14: =_xlfn.TEXTJOIN("=",FALSE,"S",Samples!C14) -> S=s13 | D14: =_xlfn.TEXTJOIN("=",FALSE,"S",Samples!D14) -> S=s13 | E14: =_xlfn.TEXTJOIN("=",FALSE,"S",Samples!E14) -> S=s13 | F14: =_xlfn.TEXTJOIN("=",FALSE,"S",Samples!F14) -> S=s13 | G14: =_xlfn.TEXTJOIN("=",FALSE,"S",Samples!G14) -> S=s13 | H14: =_xlfn.TEXTJOIN("=",FALSE,"S",Samples!H14) -> S=s13 | I14: =_xlfn.TEXTJOIN("=",FALSE,"S",Samples!I14) -> S=s13 | ... Y14: =_xlfn.TEXTJOIN("=",FALSE,"S",Samples!Y14) -> S=s13
A15: N | B15: =_xlfn.TEXTJOIN("=",FALSE,"S",Samples!B15) -> S=s14 | C15: =_xlfn.TEXTJOIN("=",FALSE,"S",Samples!C15) -> S=s14 | D15: =_xlfn.TEXTJOIN("=",FALSE,"S",Samples!D15) -> S=s14 | E15: =_xlfn.TEXTJOIN("=",FALSE,"S",Samples!E15) -> S=s14 | F15: =_xlfn.TEXTJOIN("=",FALSE,"S",Samples!F15) -> S=s14 | G15: =_xlfn.TEXTJOIN("=",FALSE,"S",Samples!G15) -> S=s14 | H15: =_xlfn.TEXTJOIN("=",FALSE,"S",Samples!H15) -> S=s14 | I15: =_xlfn.TEXTJOIN("=",FALSE,"S",Samples!I15) -> S=s14 | ... Y15: =_xlfn.TEXTJOIN("=",FALSE,"S",Samples!Y15) -> S=s14
A16: O | B16: =_xlfn.TEXTJOIN("=",FALSE,"S",Samples!B16) -> S=s15 | C16: =_xlfn.TEXTJOIN("=",FALSE,"S",Samples!C16) -> S=s15 | D16: =_xlfn.TEXTJOIN("=",FALSE,"S",Samples!D16) -> S=s15 | E16: =_xlfn.TEXTJOIN("=",FALSE,"S",Samples!E16) -> S=s15 | F16: =_xlfn.TEXTJOIN("=",FALSE,"S",Samples!F16) -> S=s15 | G16: =_xlfn.TEXTJOIN("=",FALSE,"S",Samples!G16) -> S=s15 | H16: =_xlfn.TEXTJOIN("=",FALSE,"S",Samples!H16) -> S=s15 | I16: =_xlfn.TEXTJOIN("=",FALSE,"S",Samples!I16) -> S=s15 | ... Y16: =_xlfn.TEXTJOIN("=",FALSE,"S",Samples!Y16) -> S=s15
A17: P | B17: =_xlfn.TEXTJOIN("=",FALSE,"S",Samples!B17) -> S=s16 | C17: =_xlfn.TEXTJOIN("=",FALSE,"S",Samples!C17) -> S=s16 | D17: =_xlfn.TEXTJOIN("=",FALSE,"S",Samples!D17) -> S=s16 | E17: =_xlfn.TEXTJOIN("=",FALSE,"S",Samples!E17) -> S=s16 | F17: =_xlfn.TEXTJOIN("=",FALSE,"S",Samples!F17) -> S=s16 | G17: =_xlfn.TEXTJOIN("=",FALSE,"S",Samples!G17) -> S=s16 | H17: =_xlfn.TEXTJOIN("=",FALSE,"S",Samples!H17) -> S=s16 | I17: =_xlfn.TEXTJOIN("=",FALSE,"S",Samples!I17) -> S=s16 | ... Y17: =_xlfn.TEXTJOIN("=",FALSE,"S",Samples!Y17) -> S=s16
C22: Examples:
C23: Full | E23: Short
C24: UNKNOWN | E24: U | F24: (default)
C25: STANDARD | E25: S | F25: (enter quantities!)
C26: POSITIVE_CONTROL | E26: P
C27: NTC | E27: N

Sheet Quantities
B1: 1 | C1: 2 | D1: 3 | E1: 4 | F1: 5 | G1: 6 | H1: 7 | I1: 8 | J1: 9 | K1: 10 | L1: 11 | M1: 12 | N1: 13 | O1: 14 | P1: 15 | Q1: 16 | R1: 17 | S1: 18 | T1: 19 | U1: 20 | V1: 21 | W1: 22 | X1: 23 | Y1: 24
A2: A | B2: =_xlfn.TEXTJOIN("=",FALSE,"S",Samples!B2) -> S=s1 | C2: =_xlfn.TEXTJOIN("=",FALSE,"S",Samples!C2) -> S=s1 | D2: =_xlfn.TEXTJOIN("=",FALSE,"S",Samples!D2) -> S=s1 | E2: =_xlfn.TEXTJOIN("=",FALSE,"S",Samples!E2) -> S=s1 | F2: =_xlfn.TEXTJOIN("=",FALSE,"S",Samples!F2) -> S=s1 | G2: =_xlfn.TEXTJOIN("=",FALSE,"S",Samples!G2) -> S=s1 | H2: =_xlfn.TEXTJOIN("=",FALSE,"S",Samples!H2) -> S=s1 | I2: =_xlfn.TEXTJOIN("=",FALSE,"S",Samples!I2) -> S=s1 | ... Y2: =_xlfn.TEXTJOIN("=",FALSE,"S",Samples!Y2) -> S=s1
A3: B | B3: =_xlfn.TEXTJOIN("=",FALSE,"S",Samples!B3) -> S=s2 | C3: =_xlfn.TEXTJOIN("=",FALSE,"S",Samples!C3) -> S=s2 | D3: =_xlfn.TEXTJOIN("=",FALSE,"S",Samples!D3) -> S=s2 | E3: =_xlfn.TEXTJOIN("=",FALSE,"S",Samples!E3) -> S=s2 | F3: =_xlfn.TEXTJOIN("=",FALSE,"S",Samples!F3) -> S=s2 | G3: =_xlfn.TEXTJOIN("=",FALSE,"S",Samples!G3) -> S=s2 | H3: =_xlfn.TEXTJOIN("=",FALSE,"S",Samples!H3) -> S=s2 | I3: =_xlfn.TEXTJOIN("=",FALSE,"S",Samples!I3) -> S=s2 | ... Y3: =_xlfn.TEXTJOIN("=",FALSE,"S",Samples!Y3) -> S=s2
A4: C | B4: =_xlfn.TEXTJOIN("=",FALSE,"S",Samples!B4) -> S=s3 | C4: =_xlfn.TEXTJOIN("=",FALSE,"S",Samples!C4) -> S=s3 | D4: =_xlfn.TEXTJOIN("=",FALSE,"S",Samples!D4) -> S=s3 | E4: =_xlfn.TEXTJOIN("=",FALSE,"S",Samples!E4) -> S=s3 | F4: =_xlfn.TEXTJOIN("=",FALSE,"S",Samples!F4) -> S=s3 | G4: =_xlfn.TEXTJOIN("=",FALSE,"S",Samples!G4) -> S=s3 | H4: =_xlfn.TEXTJOIN("=",FALSE,"S",Samples!H4) -> S=s3 | I4: =_xlfn.TEXTJOIN("=",FALSE,"S",Samples!I4) -> S=s3 | ... Y4: =_xlfn.TEXTJOIN("=",FALSE,"S",Samples!Y4) -> S=s3
A5: D | B5: =_xlfn.TEXTJOIN("=",FALSE,"S",Samples!B5) -> S=s4 | C5: =_xlfn.TEXTJOIN("=",FALSE,"S",Samples!C5) -> S=s4 | D5: =_xlfn.TEXTJOIN("=",FALSE,"S",Samples!D5) -> S=s4 | E5: =_xlfn.TEXTJOIN("=",FALSE,"S",Samples!E5) -> S=s4 | F5: =_xlfn.TEXTJOIN("=",FALSE,"S",Samples!F5) -> S=s4 | G5: =_xlfn.TEXTJOIN("=",FALSE,"S",Samples!G5) -> S=s4 | H5: =_xlfn.TEXTJOIN("=",FALSE,"S",Samples!H5) -> S=s4 | I5: =_xlfn.TEXTJOIN("=",FALSE,"S",Samples!I5) -> S=s4 | ... Y5: =_xlfn.TEXTJOIN("=",FALSE,"S",Samples!Y5) -> S=s4
A6: E | B6: =_xlfn.TEXTJOIN("=",FALSE,"S",Samples!B6) -> S=s5 | C6: =_xlfn.TEXTJOIN("=",FALSE,"S",Samples!C6) -> S=s5 | D6: =_xlfn.TEXTJOIN("=",FALSE,"S",Samples!D6) -> S=s5 | E6: =_xlfn.TEXTJOIN("=",FALSE,"S",Samples!E6) -> S=s5 | F6: =_xlfn.TEXTJOIN("=",FALSE,"S",Samples!F6) -> S=s5 | G6: =_xlfn.TEXTJOIN("=",FALSE,"S",Samples!G6) -> S=s5 | H6: =_xlfn.TEXTJOIN("=",FALSE,"S",Samples!H6) -> S=s5 | I6: =_xlfn.TEXTJOIN("=",FALSE,"S",Samples!I6) -> S=s5 | ... Y6: =_xlfn.TEXTJOIN("=",FALSE,"S",Samples!Y6) -> S=s5
A7: F | B7: =_xlfn.TEXTJOIN("=",FALSE,"S",Samples!B7) -> S=s6 | C7: =_xlfn.TEXTJOIN("=",FALSE,"S",Samples!C7) -> S=s6 | D7: =_xlfn.TEXTJOIN("=",FALSE,"S",Samples!D7) -> S=s6 | E7: =_xlfn.TEXTJOIN("=",FALSE,"S",Samples!E7) -> S=s6 | F7: =_xlfn.TEXTJOIN("=",FALSE,"S",Samples!F7) -> S=s6 | G7: =_xlfn.TEXTJOIN("=",FALSE,"S",Samples!G7) -> S=s6 | H7: =_xlfn.TEXTJOIN("=",FALSE,"S",Samples!H7) -> S=s6 | I7: =_xlfn.TEXTJOIN("=",FALSE,"S",Samples!I7) -> S=s6 | ... Y7: =_xlfn.TEXTJOIN("=",FALSE,"S",Samples!Y7) -> S=s6
A8: G | B8: =_xlfn.TEXTJOIN("=",FALSE,"S",Samples!B8) -> S=s7 | C8: =_xlfn.TEXTJOIN("=",FALSE,"S",Samples!C8) -> S=s7 | D8: =_xlfn.TEXTJOIN("=",FALSE,"S",Samples!D8) -> S=s7 | E8: =_xlfn.TEXTJOIN("=",FALSE,"S",Samples!E8) -> S=s7 | F8: =_xlfn.TEXTJOIN("=",FALSE,"S",Samples!F8) -> S=s7 | G8: =_xlfn.TEXTJOIN("=",FALSE,"S",Samples!G8) -> S=s7 | H8: =_xlfn.TEXTJOIN("=",FALSE,"S",Samples!H8) -> S=s7 | I8: =_xlfn.TEXTJOIN("=",FALSE,"S",Samples!I8) -> S=s7 | ... Y8: =_xlfn.TEXTJOIN("=",FALSE,"S",Samples!Y8) -> S=s7
A9: H | B9: =_xlfn.TEXTJOIN("=",FALSE,"S",Samples!B9) -> S=s8 | C9: =_xlfn.TEXTJOIN("=",FALSE,"S",Samples!C9) -> S=s8 | D9: =_xlfn.TEXTJOIN("=",FALSE,"S",Samples!D9) -> S=s8 | E9: =_xlfn.TEXTJOIN("=",FALSE,"S",Samples!E9) -> S=s8 | F9: =_xlfn.TEXTJOIN("=",FALSE,"S",Samples!F9) -> S=s8 | G9: =_xlfn.TEXTJOIN("=",FALSE,"S",Samples!G9) -> S=s8 | H9: =_xlfn.TEXTJOIN("=",FALSE,"S",Samples!H9) -> S=s8 | I9: =_xlfn.TEXTJOIN("=",FALSE,"S",Samples!I9) -> S=s8 | ... N9: =_xlfn.TEXTJOIN("=",FALSE,"S",Samples!N9) -> S=s8 | O9: 1 | P9: =_xlfn.TEXTJOIN("=",FALSE,"S",Samples!P9) -> S=s8 | Q9: =_xlfn.TEXTJOIN("=",FALSE,"S",Samples!Q9) -> S=s8 | R9: =_xlfn.TEXTJOIN("=",FALSE,"S",Samples!R9) -> S=s8 | S9: =_xlfn.TEXTJOIN("=",FALSE,"S",Samples!S9) -> S=s8 | T9: =_xlfn.TEXTJOIN("=",FALSE,"S",Samples!T9) -> S=s8 | U9: =_xlfn.TEXTJOIN("=",FALSE,"S",Samples!U9) -> S=s8 | V9: =_xlfn.TEXTJOIN("=",FALSE,"S",Samples!V9) -> S=s8 | W9: =_xlfn.TEXTJOIN("=",FALSE,"S",Samples!W9) -> S=s8 | ... Y9: =_xlfn.TEXTJOIN("=",FALSE,"S",Samples!Y9) -> S=s8
A10: I | B10: =_xlfn.TEXTJOIN("=",FALSE,"S",Samples!B10) -> S=s9 | C10: =_xlfn.TEXTJOIN("=",FALSE,"S",Samples!C10) -> S=s9 | D10: =_xlfn.TEXTJOIN("=",FALSE,"S",Samples!D10) -> S=s9 | E10: =_xlfn.TEXTJOIN("=",FALSE,"S",Samples!E10) -> S=s9 | F10: =_xlfn.TEXTJOIN("=",FALSE,"S",Samples!F10) -> S=s9 | G10: =_xlfn.TEXTJOIN("=",FALSE,"S",Samples!G10) -> S=s9 | H10: =_xlfn.TEXTJOIN("=",FALSE,"S",Samples!H10) -> S=s9 | I10: =_xlfn.TEXTJOIN("=",FALSE,"S",Samples!I10) -> S=s9 | ... N10: =_xlfn.TEXTJOIN("=",FALSE,"S",Samples!N10) -> S=s9 | O10: 2 | P10: =_xlfn.TEXTJOIN("=",FALSE,"S",Samples!P10) -> S=s9 | Q10: =_xlfn.TEXTJOIN("=",FALSE,"S",Samples!Q10) -> S=s9 | R10: =_xlfn.TEXTJOIN("=",FALSE,"S",Samples!R10) -> S=s9 | S10: =_xlfn.TEXTJOIN("=",FALSE,"S",Samples!S10) -> S=s9 | T10: =_xlfn.TEXTJOIN("=",FALSE,"S",Samples!T10) -> S=s9 | U10: =_xlfn.TEXTJOIN("=",FALSE,"S",Samples!U10) -> S=s9 | V10: =_xlfn.TEXTJOIN("=",FALSE,"S",Samples!V10) -> S=s9 | W10: =_xlfn.TEXTJOIN("=",FALSE,"S",Samples!W10) -> S=s9 | ... Y10: =_xlfn.TEXTJOIN("=",FALSE,"S",Samples!Y10) -> S=s9
A11: J | B11: =_xlfn.TEXTJOIN("=",FALSE,"S",Samples!B11) -> S=s10 | C11: =_xlfn.TEXTJOIN("=",FALSE,"S",Samples!C11) -> S=s10 | D11: =_xlfn.TEXTJOIN("=",FALSE,"S",Samples!D11) -> S=s10 | E11: =_xlfn.TEXTJOIN("=",FALSE,"S",Samples!E11) -> S=s10 | F11: =_xlfn.TEXTJOIN("=",FALSE,"S",Samples!F11) -> S=s10 | G11: =_xlfn.TEXTJOIN("=",FALSE,"S",Samples!G11) -> S=s10 | H11: =_xlfn.TEXTJOIN("=",FALSE,"S",Samples!H11) -> S=s10 | I11: =_xlfn.TEXTJOIN("=",FALSE,"S",Samples!I11) -> S=s10 | ... N11: =_xlfn.TEXTJOIN("=",FALSE,"S",Samples!N11) -> S=s10 | O11: 3 | P11: =_xlfn.TEXTJOIN("=",FALSE,"S",Samples!P11) -> S=s10 | Q11: =_xlfn.TEXTJOIN("=",FALSE,"S",Samples!Q11) -> S=s10 | R11: =_xlfn.TEXTJOIN("=",FALSE,"S",Samples!R11) -> S=s10 | S11: =_xlfn.TEXTJOIN("=",FALSE,"S",Samples!S11) -> S=s10 | T11: =_xlfn.TEXTJOIN("=",FALSE,"S",Samples!T11) -> S=s10 | U11: =_xlfn.TEXTJOIN("=",FALSE,"S",Samples!U11) -> S=s10 | V11: =_xlfn.TEXTJOIN("=",FALSE,"S",Samples!V11) -> S=s10 | W11: =_xlfn.TEXTJOIN("=",FALSE,"S",Samples!W11) -> S=s10 | ... Y11: =_xlfn.TEXTJOIN("=",FALSE,"S",Samples!Y11) -> S=s10
A12: K | B12: =_xlfn.TEXTJOIN("=",FALSE,"S",Samples!B12) -> S=s11 | C12: =_xlfn.TEXTJOIN("=",FALSE,"S",Samples!C12) -> S=s11 | D12: =_xlfn.TEXTJOIN("=",FALSE,"S",Samples!D12) -> S=s11 | E12: =_xlfn.TEXTJOIN("=",FALSE,"S",Samples!E12) -> S=s11 | F12: =_xlfn.TEXTJOIN("=",FALSE,"S",Samples!F12) -> S=s11 | G12: =_xlfn.TEXTJOIN("=",FALSE,"S",Samples!G12) -> S=s11 | H12: =_xlfn.TEXTJOIN("=",FALSE,"S",Samples!H12) -> S=s11 | I12: =_xlfn.TEXTJOIN("=",FALSE,"S",Samples!I12) -> S=s11 | ... Y12: =_xlfn.TEXTJOIN("=",FALSE,"S",Samples!Y12) -> S=s11
A13: L | B13: =_xlfn.TEXTJOIN("=",FALSE,"S",Samples!B13) -> S=s12 | C13: =_xlfn.TEXTJOIN("=",FALSE,"S",Samples!C13) -> S=s12 | D13: =_xlfn.TEXTJOIN("=",FALSE,"S",Samples!D13) -> S=s12 | E13: =_xlfn.TEXTJOIN("=",FALSE,"S",Samples!E13) -> S=s12 | F13: =_xlfn.TEXTJOIN("=",FALSE,"S",Samples!F13) -> S=s12 | G13: =_xlfn.TEXTJOIN("=",FALSE,"S",Samples!G13) -> S=s12 | H13: =_xlfn.TEXTJOIN("=",FALSE,"S",Samples!H13) -> S=s12 | I13: =_xlfn.TEXTJOIN("=",FALSE,"S",Samples!I13) -> S=s12 | ... Y13: =_xlfn.TEXTJOIN("=",FALSE,"S",Samples!Y13) -> S=s12
A14: M | B14: =_xlfn.TEXTJOIN("=",FALSE,"S",Samples!B14) -> S=s13 | C14: =_xlfn.TEXTJOIN("=",FALSE,"S",Samples!C14) -> S=s13 | D14: =_xlfn.TEXTJOIN("=",FALSE,"S",Samples!D14) -> S=s13 | E14: =_xlfn.TEXTJOIN("=",FALSE,"S",Samples!E14) -> S=s13 | F14: =_xlfn.TEXTJOIN("=",FALSE,"S",Samples!F14) -> S=s13 | G14: =_xlfn.TEXTJOIN("=",FALSE,"S",Samples!G14) -> S=s13 | H14: =_xlfn.TEXTJOIN("=",FALSE,"S",Samples!H14) -> S=s13 | I14: =_xlfn.TEXTJOIN("=",FALSE,"S",Samples!I14) -> S=s13 | ... Y14: =_xlfn.TEXTJOIN("=",FALSE,"S",Samples!Y14) -> S=s13
A15: N | B15: =_xlfn.TEXTJOIN("=",FALSE,"S",Samples!B15) -> S=s14 | C15: =_xlfn.TEXTJOIN("=",FALSE,"S",Samples!C15) -> S=s14 | D15: =_xlfn.TEXTJOIN("=",FALSE,"S",Samples!D15) -> S=s14 | E15: =_xlfn.TEXTJOIN("=",FALSE,"S",Samples!E15) -> S=s14 | F15: =_xlfn.TEXTJOIN("=",FALSE,"S",Samples!F15) -> S=s14 | G15: =_xlfn.TEXTJOIN("=",FALSE,"S",Samples!G15) -> S=s14 | H15: =_xlfn.TEXTJOIN("=",FALSE,"S",Samples!H15) -> S=s14 | I15: =_xlfn.TEXTJOIN("=",FALSE,"S",Samples!I15) -> S=s14 | ... Y15: =_xlfn.TEXTJOIN("=",FALSE,"S",Samples!Y15) -> S=s14
A16: O | B16: =_xlfn.TEXTJOIN("=",FALSE,"S",Samples!B16) -> S=s15 | C16: =_xlfn.TEXTJOIN("=",FALSE,"S",Samples!C16) -> S=s15 | D16: =_xlfn.TEXTJOIN("=",FALSE,"S",Samples!D16) -> S=s15 | E16: =_xlfn.TEXTJOIN("=",FALSE,"S",Samples!E16) -> S=s15 | F16: =_xlfn.TEXTJOIN("=",FALSE,"S",Samples!F16) -> S=s15 | G16: =_xlfn.TEXTJOIN("=",FALSE,"S",Samples!G16) -> S=s15 | H16: =_xlfn.TEXTJOIN("=",FALSE,"S",Samples!H16) -> S=s15 | I16: =_xlfn.TEXTJOIN("=",FALSE,"S",Samples!I16) -> S=s15 | ... Y16: =_xlfn.TEXTJOIN("=",FALSE,"S",Samples!Y16) -> S=s15
A17: P | B17: =_xlfn.TEXTJOIN("=",FALSE,"S",Samples!B17) -> S=s16 | C17: =_xlfn.TEXTJOIN("=",FALSE,"S",Samples!C17) -> S=s16 | D17: =_xlfn.TEXTJOIN("=",FALSE,"S",Samples!D17) -> S=s16 | E17: =_xlfn.TEXTJOIN("=",FALSE,"S",Samples!E17) -> S=s16 | F17: =_xlfn.TEXTJOIN("=",FALSE,"S",Samples!F17) -> S=s16 | G17: =_xlfn.TEXTJOIN("=",FALSE,"S",Samples!G17) -> S=s16 | H17: =_xlfn.TEXTJOIN("=",FALSE,"S",Samples!H17) -> S=s16 | I17: =_xlfn.TEXTJOIN("=",FALSE,"S",Samples!I17) -> S=s16 | ... Y17: =_xlfn.TEXTJOIN("=",FALSE,"S",Samples!Y17) -> S=s16

Sheet README
A1: Alex qPCR importing template
A3: Everything below plate layout is ignored
A8: Fill in sample names (leave empty wells empty)
A9: Entering targets and sample types is optional
A10: Quantities are required for standards
A11: Quantities are forbidden for negative controls
A12: A sample may not have more than one type
